Company Name,Company Profile,Summary,Category1,Category2,Category3
Tractable,https://www.joinef.com/companies/tractable/,AI for accident and disaster recovery.,Insurance,Automotive,Insurance
Aztec,https://www.joinef.com/companies/aztec/,Privacy layer for web3.,web3,Cyber Security or Privacy,Data Science
Sonantic,https://www.joinef.com/companies/sonantic/,Building the world's most expressive and realistic artificial voices.,Media or Entertainment,Gaming or eSports,Media or Entertainment
Magdrive,https://www.joinef.com/companies/magdrive/,Next generation satellite propulsion.,Space,Space,Space
Neptune,https://www.joinef.com/companies/neptune-robotics/,Robotic cleaning for the shipping industry.,Robotics/IoT,Robotics/IoT,Robotics/IoT
Unitary,https://www.joinef.com/companies/unitary/,Using AI to detect harmful online content.,Cyber Security or Privacy,Cyber Security or Privacy,Cyber Security or Privacy
La Vie,https://www.joinef.com/companies/la-vie/,Plant-based pork products.,Restaurant Tech,Environmental Science,"Food, Agriculture or Farming"
Atlas ML,https://www.joinef.com/companies/atlas-ml/,Free and open source tools tailored for machine learning workflows.,Developer Tools,Developer Tools,Developer Tools
AccuRx,https://www.joinef.com/companies/accurx/,Powering communications in the healthcare sector.,Healthcare,Healthcare,Healthcare
FabricNano,https://www.joinef.com/companies/fabricnano/,"A sustainable future, powered by enzymes.",Biotechnology,Biotechnology,Biotechnology
Alcemy,https://www.joinef.com/companies/alcemy/,Enabling cement and concrete producers to cut costs and carbon emissions.,Sustainability,Climate or Environment,Manufacturing or Industrial
GenoMines,https://www.joinef.com/companies/genomines/,Efficient plant-based mining.,Biotechnology,Biotechnology,Biotechnology
Cleo,https://www.joinef.com/companies/cleo/,World's first AI assistant for personal finances.,Finance,Finance,Finance
Core Biogenesis,https://www.joinef.com/companies/core-biogenesis/,Using plants as biofactories to produce high-value molecules 10 times cheaper.,Biotechnology,Biotechnology,Biotechnology
Gensyn,https://www.joinef.com/companies/gensyn/,Making compute for AI as accessible as oxygen for humans.,web3,Data Science,web3
FarmLend,https://www.joinef.com/companies/farmlend/,Building the infrastructure for global agriculture trade.,"Supply Chain, Transportation or Logistics","Food, Agriculture or Farming","Supply Chain, Transportation or Logistics"
CloudNC,https://www.joinef.com/companies/cloudnc/,CloudNC applies AI to reinvent precision manufacturing.,Manufacturing or Industrial,Manufacturing or Industrial,Manufacturing or Industrial
Feather,https://www.joinef.com/companies/feather/,Personalised insurance advice.,,,
Lynceus,https://www.joinef.com/companies/lynceus/,Building the world’s most reliable manufacturing quality prediction software.,Data Science,Data Science,Data Science
Green Li-ion,https://www.joinef.com/companies/green-li-ion/,World-first deep-clean technology to fully rejuvenate lithium-Ion batteries.,Sustainability,Energy,Sustainability
Intropic,https://www.joinef.com/companies/intropic/,Providing data refineries for investment management firms.,Finance,Data Science,Finance
Spore Biotechnologies,https://www.joinef.com/companies/spore-biotechnologies/,Using light to help factories produce safer food.,Hardware,B2B,Biotechnology
Newtone,https://www.joinef.com/companies/newtone/,The collaborative AI-powered platform to scale branded content.,B2B,Advertising/Marketing,B2B
Omnipresent,https://www.joinef.com/companies/omnipresent/,Enabling companies to build remote teams.,Future of Work,Future of Work,Future of Work
Fortephy,https://www.joinef.com/companies/fortephy/,AI-enabled smart contract auditor.,web3,B2B,web3
Neoplants,https://www.joinef.com/companies/neoplants/,The first generation of plants bioengineered to fight air pollution.,Biotechnology,Biotechnology,Biotechnology
Ochre Bio,https://www.joinef.com/companies/ochre-bio/,Genomic medicine for transplanted livers.,Biotechnology,Biotechnology,Biotechnology
Opply,https://www.joinef.com/companies/opply/,Ingredient Marketplace for Small Consumer Goods Brands.,"Supply Chain, Transportation or Logistics",Commerce or Marketplace,"Supply Chain, Transportation or Logistics"
Magic Pony Technology,https://www.joinef.com/companies/magic-pony-technology/,"Machine-learning based approaches to video enhancement, prediction and compression.",Media or Entertainment,Enterprise Solutions,Media or Entertainment
Voltz,https://www.joinef.com/companies/voltz/,Building a decentralised protocol that brings interest rate swaps to DeFi.,web3,Finance,web3
PassFort,https://www.joinef.com/companies/passfort/,Allowing companies to do rigorous KYC onboarding.,Finance,Finance,Finance
Wexler,https://www.joinef.com/companies/wexler/,The AI agent for every lawyer.,Legal,B2B,Legal
Salus Labs,https://www.joinef.com/companies/salus-labs/,"Supercharging web3 protocols with exploit protection via alerting, data visualisation and ML-based threat detection.",web3,B2B,Cyber Security or Privacy
Mycro Harvest,https://www.joinef.com/companies/mycro-harvest/,AI powered smart farms unlocking global mushroom production.,Sustainability,B2B,Biotechnology
Greenitio,https://www.joinef.com/companies/greenitio/,"Replacing microplastics & plastic ingredients with bio-based alternatives, profitably.",Sustainability,B2B,Consumer
Compwise,https://www.joinef.com/companies/compwise/,Revealing fair value for better pay to help employers attract and retain the best possible team.,Finance,B2B,Data Science
Optimal,https://www.joinef.com/companies/optimal/,The ad network for web3 that pays for your attention - AdSense meets Brave.,web3,Advertising/Marketing,B2B
BeGreen,https://www.joinef.com/companies/begreen/,Replacing plastic with Bioplastics.,Sustainability,Biotechnology,Sustainability
Adelántalo,https://www.joinef.com/companies/adelantalo/,Factoring 2.0 for Trucking in LATAM.,"Supply Chain, Transportation or Logistics",B2B,Finance
ForeQast Technologies,https://www.joinef.com/companies/foreqast-technologies/,Democratizing access to a cutting-edge technology to help you compete and win in the race for efficiency.,"Supply Chain, Transportation or Logistics",B2B,"Supply Chain, Transportation or Logistics"
Prefer,https://www.joinef.com/companies/prefer/,Making coffee without coffee beans.,Sustainability,Biotechnology,"Food, Agriculture or Farming"
Allium Bio,https://www.joinef.com/companies/allium-bio/,Creating sustainable and functional ingredients to level up the entire plant-based industry.,Sustainability,Biotechnology,"Food, Agriculture or Farming"
MoonGate,https://www.joinef.com/companies/moongate/,"Supercharge dApp UX: one-step web3 onboarding. No seed phrases, no downloads.",web3,B2B,Developer Tools
bryo,https://www.joinef.com/companies/bryo/,A no-code process observability platform that will be to business operations what Plaid is to Fintech.,"Supply Chain, Transportation or Logistics",B2B,"Supply Chain, Transportation or Logistics"
Level Nine,https://www.joinef.com/companies/level-nine/,Next Generation Catalysts for Biomanufacturing.,Sustainability,Biotechnology,Sustainability
AVAYL,https://www.joinef.com/companies/avayl/,Redefining pharma portfolio management with AI.,Healthcare,B2B,Healthcare
Moonah Technologies,https://www.joinef.com/companies/moonah-technologies/,Business payments on blockchains in developing markets.,web3,B2B,Commerce or Marketplace
Round,https://www.joinef.com/companies/round/,Next generation treasury services for businesses.,Finance,B2B,Finance
AgileRL,https://www.joinef.com/companies/agilerl/,Democratising access to reinforcement learning for building human-level artificial intelligence systems via tooling and RLOps.,Enterprise Solutions,B2B,Developer Tools
TORTUS AI,https://www.joinef.com/companies/tortus-ai/,Building a next generation AI co-pilot for doctors.,Healthcare,B2B,Enterprise Software
Amayu Health,https://www.joinef.com/companies/amayu-health/,The leading provider of psychedelics-based care in Europe.,Sustainability,Consumer,Healthcare
Flambo,https://www.joinef.com/companies/flambo/,The blockchain-native ad platform to engage with the first billion in web3.,web3,Advertising/Marketing,B2B
Optima Nanomed,https://www.joinef.com/companies/optima-nanomed/,Revolutionising drug delivery using smart programmable nanomaterials.,Healthcare,B2B,Biotechnology
Latte,https://www.joinef.com/companies/latte/,Automating video editing through AI.,Media or Entertainment,Advertising/Marketing,B2B
Quack AI,https://www.joinef.com/companies/quack-ai/,Using deep learning to transform how developers review code.,Developer Tools,B2B,Developer Tools
Unakin,https://www.joinef.com/companies/unakin/,"Transforming how game studios build playable prototypes, with an AI text-to-game co-creation platform.",Media or Entertainment,B2B,Gaming or eSports
Guided Energy,https://www.joinef.com/companies/guided-energy/,Smart energy for electric fleets.,Sustainability,B2B,"Supply Chain, Transportation or Logistics"
Statement,https://www.joinef.com/companies/statement/,Connecting SMEs to the right payments provider.,Finance,B2B,Finance
Primordial,https://www.joinef.com/companies/primordial/,"Solving the feed, food, and fuel crisis through reengineering the production of microalgae.",,,
Hibi,https://www.joinef.com/companies/hibi/,"Building the category leader for digital paediatric care, focused first on children with additional needs.",Healthcare,Healthcare,Healthcare
Datonomy,https://www.joinef.com/companies/datonomy/,Democratizing data ownership and building the future of data autonomy in advertising.,Gaming or eSports,Advertising/Marketing,B2B
Biographica,https://www.joinef.com/companies/biographica/,Accelerating productive and sustainable agriculture with ML-driven gene discovery.,"Food, Agriculture or Farming",B2B,Biotechnology
Borderless,https://www.joinef.com/companies/borderless/,"The world’s migration platform, solving global workforce imbalances and unleashing economic opportunity.",Legal,B2B,Commerce or Marketplace
A&B Smart Materials,https://www.joinef.com/companies/ab-smart-materials/,"Revolutionising cooling technology through the development of novel, smart hydrogels.",Sustainability,Climate or Environment,Energy
Flippit,https://www.joinef.com/companies/flippit/,Mixpanel for customer interviews.,B2B,Advertising/Marketing,B2B
Metaschool,https://www.joinef.com/companies/metaschool/,"Learn, Build & Ship dApps.",web3,Education,web3
Catapult,https://www.joinef.com/companies/catapult/,"Catapult unlocks the potential in Web3 communities through frictionless onboarding, rich Web3 profiles, and powerful tools to explore and connect.",web3,web3,web3
Cordless,https://www.joinef.com/companies/cordless/,Bridging the gap between voice and text.,Future of Work,Enterprise Software,Future of Work
vidyo.ai,https://www.joinef.com/companies/vidyo-ai/,We help video creators grow online faster with AI.,Communications or Social Media,Communications or Social Media,Communications or Social Media
Betafi,https://www.joinef.com/companies/betafi/,Your user research sidekick.,Future of Work,Future of Work,Future of Work
payper,https://www.joinef.com/companies/payper/,B2B payments made simple.,Finance,B2B,Finance
CarbonFarm,https://www.joinef.com/companies/carbonfarm/,Satellite-verified carbon credits for rice.,Sustainability,B2B,Climate or Environment
Amatera,https://www.joinef.com/companies/amatera/,Creating cleaner and greener coffee.,"Food, Agriculture or Farming",Biotechnology,Climate or Environment
Akuity Care,https://www.joinef.com/companies/akuity-care/,"AI-powered remote patient monitoring, using just a few seconds of voice.",Healthcare,Biotechnology,Healthcare
47 Labs,https://www.joinef.com/companies/47-labs/,Lighting up the brain for healthcare.,Healthcare,Biotechnology,Healthcare
blocktorch,https://www.joinef.com/companies/blocktorch/,The observability platform for the decentralized stack - think of datadog but for web3.,web3,B2B,Developer Tools
Mirantus,https://www.joinef.com/companies/mirantus/,Unlocking specialist healthcare for 100M+ underserved patients.,Healthcare,Healthcare,Healthcare
moonpass,https://www.joinef.com/companies/moonpass/,Bloomberg for institutional crypto investors.,web3,B2B,Finance
Orbital Matter,https://www.joinef.com/companies/orbital-matter/,The first construction company in space.,Sustainability,B2B,Hardware
sensmore,https://www.joinef.com/companies/sensmore/,Automating all heavy vehicles in the world.,B2B,B2B,B2B
Velsa,https://www.joinef.com/companies/velsa/,Global Legal Management SaaS for Startups & SMEs.,Legal,B2B,Legal
Littl,https://www.joinef.com/companies/littl/,"Quick, reliable, 24/7 virtual support care for anxious newborn parents.",Healthcare,Consumer,Healthcare
StartScreen,https://www.joinef.com/companies/startscreen/,The Digital Adoption Platform for the no-code age.,Future of Work,Education,Enterprise Software
Cherub,https://www.joinef.com/companies/cherub/,"Redefining the way prescriptions are written and managed, to ensure every patient is on the right medicines.",Healthcare,Healthcare,Healthcare
WorldOver,https://www.joinef.com/companies/worldover/,Making product compliance so easy that any business can sell any product in any market.,B2B,B2B,B2B
Flare,https://www.joinef.com/companies/flare/,Flare is optimising retailer inventory by rewarding shoppers for buying in advance.,"Supply Chain, Transportation or Logistics",B2B,Finance
Arda Biomaterials,https://www.joinef.com/companies/arda-biomaterials/,"Transforming waste into valuable, circular biomaterials – pioneering new manufacturing systems for the climate-focused future.",Sustainability,B2B,Manufacturing or Industrial
BharatMD,https://www.joinef.com/companies/bharatmd/,Bringing the surgical revolution to the tier 2 and 3 cities of India.,Healthcare,Data Science,Healthcare
Pachira,https://www.joinef.com/companies/pachira/,"Low-code platform for businesses to build gamified and rewarding user journeys, to improve user retention.",B2B,B2B,B2B
SyncSense,https://www.joinef.com/companies/syncsense/,AI enabled multi-modal content localisation platform.,B2B,B2B,B2B
FinStack,https://www.joinef.com/companies/finstack/,No-code global SaaS platform to digitise access to credit with zero engineering dependency.,Finance,B2B,Finance
Hushl,https://www.joinef.com/companies/hushl/,"AI-based platform, democratizing access to the creator economy by enabling millions of professionals to become creators.",Consumer,Consumer,Consumer
Kanjo Health,https://www.joinef.com/companies/kanjo-health/,"Kanjo personalises and predicts family healthcare, using children’s games to provide accurate, evidence-based insights and advice for parents.",Healthcare,Consumer,Education
Agota Health,https://www.joinef.com/companies/agota-health/,Nurse agency management software that drives hospital costs down and streamlines how healthcare staffing services are bought and sold.,Healthcare,Commerce or Marketplace,Future of Work
Compass Labs,https://www.joinef.com/companies/compass-labs/,The AI infrastructure to optimize and automate decision-making on DeFi protocols for everyone.,web3,Finance,web3
Orbital,https://www.joinef.com/companies/orbital/,Orbital AI automates 80% of day-to-day IT tasks for SMBs.,"Supply Chain, Transportation or Logistics",B2B,"Supply Chain, Transportation or Logistics"
Unison,https://www.joinef.com/companies/unison/,Genomics Data Brokerage Platform providing accessible datasets for faster outcomes in biopharma.,Biotechnology,B2B,Biotechnology
Miist Therapeutics,https://www.joinef.com/companies/miist-therapeutics/,Developing a novel therapeutic to solve smoking addiction.,Healthcare,Biotechnology,Healthcare
Ezzayo,https://www.joinef.com/companies/ezzayo/,Building trust and removing fear in Web3 through a no-code stress test and simulation tool for token ecosystems.,web3,B2B,Finance
Haemetrics,https://www.joinef.com/companies/haemetrics/,"Affordable, cutting edge, on-spot diagnostics curated for women’s health.",Healthcare,B2B,Hardware
BetterData,https://www.joinef.com/companies/betterdata/,"Transforming data sharing and privacy protection with synthetic data that looks, feels and behaves like real data.",Healthcare,B2B,Finance
Bluejay Finance,https://www.joinef.com/companies/bluejay-finance/,"Building an Asia-focused protocol for multicurrency stablecoins, accelerating financial inclusion and access to DeFi.",web3,web3,web3
Staq,https://www.joinef.com/companies/staq/,Helping lenders access SME financial data through Staq API.,Finance,B2B,Finance
Ailiverse,https://www.joinef.com/companies/ailiverse/,Revolutionising Deep Learning through a no-code platform.,B2B,B2B,B2B
Mindmesh,https://www.joinef.com/companies/mindmesh/,The virtual desk that puts you in control.,Enterprise Solutions,Enterprise Solutions,Enterprise Solutions
Flynt,https://www.joinef.com/companies/flynt/,Empowering restaurants for smarter revenue.,Restaurant Tech,Restaurant Tech,Restaurant Tech
Extrality,https://www.joinef.com/companies/extrality/,Freeing industrial design with AI-Powered numerical simulation.,Manufacturing or Industrial,Design,Manufacturing or Industrial
Better Dairy,https://www.joinef.com/companies/better-dairy/,"Building the future of food, starting with animal-free dairy.",Sustainability,Biotechnology,Sustainability
Magnestar Inc.,https://www.joinef.com/companies/magnestar-inc/,Outer Space Matrix Operations.,Space,Space,Space
ForthGrid,https://www.joinef.com/companies/forthgrid/,Pioneering Spatial Finance through Satellite-Sourced Global Trade Insights.,Space,Space,Space
Speech Titan,https://www.joinef.com/companies/speech-titan/,Enabling career-conscious knowledge workers to speak with confidence.,Education,Consumer,Education
Cheffer,https://www.joinef.com/companies/cheffer/,The go-to platform for restaurants to instantly purchase at the absolute best prices.,Restaurant Tech,Data Science,Enterprise Solutions
Alchemic,https://www.joinef.com/companies/alchemic/,Financing creators' growth by providing growth capital.,Finance,Finance,Finance
Sequestr,https://www.joinef.com/companies/sequestr/,"Connecting landowners, farmers, project developers, and offset buyers to launch carbon sequestration projects, and manage carbon rights.",Sustainability,Sustainability,Sustainability
Summations,https://www.joinef.com/companies/summations/,"Towards knowledge equality, starting with student-centric knowledge consumption.",Enterprise Solutions,Education,Enterprise Solutions
Alectify,https://www.joinef.com/companies/alectify/,Empowering electrical professionals with meaningful insights from past construction projects to drive up profitability.,Electrical Infrastructure,Electrical Infrastructure,Electrical Infrastructure
Trust Chain,https://www.joinef.com/companies/trust-chain/,The first end-to-end transaction platform for commodities.,web3,Finance,web3
Metacommerce,https://www.joinef.com/companies/metacommerce/,Bring your NFT experiences to life — without a dev.,web3,web3,web3
Coupl,https://www.joinef.com/companies/coupl/,Reimagining banking and lifestyle for millennial couples in India.,Finance,Consumer,Finance
Amikus AI,https://www.joinef.com/companies/amikus-ai/,Automating contract review and drafting using AI.,Legal,Legal,Legal
Capitall,https://www.joinef.com/companies/capitall/,Unlocking a new age of debt assets for retail investors.,Finance,Finance,Finance
unScript AI,https://www.joinef.com/companies/unscript-ai/,Unveiling a new era of Digital Marketing by enabling to generate hyper-personalised and interactive videos at scale.,Advertising/Marketing,Advertising/Marketing,Advertising/Marketing
FloWorks,https://www.joinef.com/companies/floworks/,SAP on WhatsApp.,"Supply Chain, Transportation or Logistics",Enterprise Solutions,"Supply Chain, Transportation or Logistics"
Noah Labs,https://www.joinef.com/companies/noah-labs/,Redefining cardiovascular care with an ML-powered Remote Cardiac Monitoring platform to serve millions of patients.,Healthcare,Healthcare,Healthcare
Omnea,https://www.joinef.com/companies/omnea/,Building the procurement orchestration layer to help people buy the tools they need to get sh*t done.,Enterprise Solutions,Enterprise Solutions,Enterprise Solutions
MetaVoice,https://www.joinef.com/companies/metavoice/,Unified speech AI in any language and voice.,web3,web3,web3
Zebracat,https://www.joinef.com/companies/zebracat/,Turning one line of text into scroll-stopping video in less than a minute instead of weeks.,Advertising/Marketing,Advertising/Marketing,Advertising/Marketing
Untap Ltd,https://www.joinef.com/companies/untap-ltd/,"Intelligent community health monitoring, using sewage.",Healthcare,Future of Work,Healthcare
Tokify,https://www.joinef.com/companies/tokify/,The no-code infrastructure layer accelerating the transition of the first billion to web3.,web3,web3,web3
Spot,https://www.joinef.com/companies/spot/,At-home lab tests for digital health companies.,Healthcare,Healthcare,Healthcare
Swaap,https://www.joinef.com/companies/swaap/,Building the impermanent loss resistant AMM.,web3,Finance,web3
Rhubarb,https://www.joinef.com/companies/rhubarb/,Giving the next generation of software engineers an unfair advantage.,Future of Work,Future of Work,Future of Work
qlip,https://www.joinef.com/companies/qlip/,Empowering video creators to grow their audience across multiple social platforms in minutes.,Media or Entertainment,Media or Entertainment,Media or Entertainment
PentaBind,https://www.joinef.com/companies/pentabind/,"AI-powered aptamer discovery, unlocking the next generation of continuous monitoring biosensors and therapeutics.",Biotechnology,Biotechnology,Biotechnology
MetaWealth,https://www.joinef.com/companies/metawealth/,Passive crypto investing for young professionals in Europe.,web3,web3,web3
kyron.bio,https://www.joinef.com/companies/kyron-bio/,"Next generation bioproduction platform that helps produce better, cheaper and novel biopharmaceuticals.",Biotechnology,Biotechnology,Biotechnology
FlexLoad Technology,https://www.joinef.com/companies/flexload-technology/,Building the digital twin of the inside of a truck trailer.,"Supply Chain, Transportation or Logistics","Supply Chain, Transportation or Logistics","Supply Chain, Transportation or Logistics"
EndoGene.Bio,https://www.joinef.com/companies/endogene-bio/,Accelerating endometriosis diagnosis by harnessing the power of epigenetics in menstrual blood.,Healthcare,Healthcare,Healthcare
Crane Biosciences,https://www.joinef.com/companies/crane-biosciences/,Solving in-vivo delivery. Curing genetic diseases.,Biotechnology,Biotechnology,Biotechnology
Chatsight,https://www.joinef.com/companies/chatsight/,"Safety-as-a-Service for Creators and Communities on Discord, Twitch and Telegram.",web3,web3,web3
Blend,https://www.joinef.com/companies/blend/,The Digital Healthcare Procurement Platform.,Healthcare,Healthcare,Healthcare
Apricot,https://www.joinef.com/companies/apricot/,Homeownership for the underserved.,Finance,Finance,Finance
RC Labs,https://www.joinef.com/companies/rc-labs/,Intelligent battery management systems for electric vehicles and stationary energy storage,Energy,Energy,Energy
UpBeing,https://www.joinef.com/companies/upbeing/,Measuring emotion using behavioural data to improve the human experience.,Mental Health,Consumer,Data Science
Capitall,https://www.joinef.com/companies/capitall/,Unlocking a new age of debt assets for retail investors.,Finance,Finance,Finance
unScript AI,https://www.joinef.com/companies/unscript-ai/,Unveiling a new era of Digital Marketing by enabling to generate hyper-personalised and interactive videos at scale.,Advertising/Marketing,Advertising/Marketing,Advertising/Marketing
FloWorks,https://www.joinef.com/companies/floworks/,SAP on WhatsApp.,"Supply Chain, Transportation or Logistics",Enterprise Solutions,"Supply Chain, Transportation or Logistics"
Noah Labs,https://www.joinef.com/companies/noah-labs/,Redefining cardiovascular care with an ML-powered Remote Cardiac Monitoring platform to serve millions of patients.,Healthcare,Healthcare,Healthcare
Omnea,https://www.joinef.com/companies/omnea/,Building the procurement orchestration layer to help people buy the tools they need to get sh*t done.,Enterprise Solutions,Enterprise Solutions,Enterprise Solutions
MetaVoice,https://www.joinef.com/companies/metavoice/,Unified speech AI in any language and voice.,web3,web3,web3
Zebracat,https://www.joinef.com/companies/zebracat/,Turning one line of text into scroll-stopping video in less than a minute instead of weeks.,Advertising/Marketing,Advertising/Marketing,Advertising/Marketing
Untap Ltd,https://www.joinef.com/companies/untap-ltd/,"Intelligent community health monitoring, using sewage.",Healthcare,Future of Work,Healthcare
Tokify,https://www.joinef.com/companies/tokify/,The no-code infrastructure layer accelerating the transition of the first billion to web3.,web3,web3,web3
Spot,https://www.joinef.com/companies/spot/,At-home lab tests for digital health companies.,Healthcare,Healthcare,Healthcare
Swaap,https://www.joinef.com/companies/swaap/,Building the impermanent loss resistant AMM.,web3,Finance,web3
Rhubarb,https://www.joinef.com/companies/rhubarb/,Giving the next generation of software engineers an unfair advantage.,Future of Work,Future of Work,Future of Work
qlip,https://www.joinef.com/companies/qlip/,Empowering video creators to grow their audience across multiple social platforms in minutes.,Media or Entertainment,Media or Entertainment,Media or Entertainment
PentaBind,https://www.joinef.com/companies/pentabind/,"AI-powered aptamer discovery, unlocking the next generation of continuous monitoring biosensors and therapeutics.",Biotechnology,Biotechnology,Biotechnology
MetaWealth,https://www.joinef.com/companies/metawealth/,Passive crypto investing for young professionals in Europe.,web3,web3,web3
kyron.bio,https://www.joinef.com/companies/kyron-bio/,"Next generation bioproduction platform that helps produce better, cheaper and novel biopharmaceuticals.",Biotechnology,Biotechnology,Biotechnology
FlexLoad Technology,https://www.joinef.com/companies/flexload-technology/,Building the digital twin of the inside of a truck trailer.,"Supply Chain, Transportation or Logistics","Supply Chain, Transportation or Logistics","Supply Chain, Transportation or Logistics"
EndoGene.Bio,https://www.joinef.com/companies/endogene-bio/,Accelerating endometriosis diagnosis by harnessing the power of epigenetics in menstrual blood.,Healthcare,Healthcare,Healthcare
Crane Biosciences,https://www.joinef.com/companies/crane-biosciences/,Solving in-vivo delivery. Curing genetic diseases.,Biotechnology,Biotechnology,Biotechnology
Chatsight,https://www.joinef.com/companies/chatsight/,"Safety-as-a-Service for Creators and Communities on Discord, Twitch and Telegram.",web3,web3,web3
Blend,https://www.joinef.com/companies/blend/,The Digital Healthcare Procurement Platform.,Healthcare,Healthcare,Healthcare
Apricot,https://www.joinef.com/companies/apricot/,Homeownership for the underserved.,Finance,Finance,Finance
RC Labs,https://www.joinef.com/companies/rc-labs/,Intelligent battery management systems for electric vehicles and stationary energy storage,Energy,Energy,Energy
UpBeing,https://www.joinef.com/companies/upbeing/,Measuring emotion using behavioural data to improve the human experience.,Mental Health,Consumer,Data Science
Connect Earth,https://www.joinef.com/companies/connect-earth/,Empowering consumers and companies to make more sustainable decisions,Sustainability,Enterprise Solutions,Finance
Avie,https://www.joinef.com/companies/avie/,Making your health data meaningful,Healthcare,Healthcare,Healthcare
THEO,https://www.joinef.com/companies/theo/,"Bringing autonomy to the last mile, sooner than you think.","Supply Chain, Transportation or Logistics",Robotics/IoT,"Supply Chain, Transportation or Logistics"
Text Cortex AI,https://www.joinef.com/companies/text-cortex-ai/,Bringing creative automation to text content creation,Advertising/Marketing,Advertising/Marketing,Advertising/Marketing
ModelMe,https://www.joinef.com/companies/modelme/,Disrupting fashion photography with generated models,Advertising/Marketing,Advertising/Marketing,Advertising/Marketing
Freshflow,https://www.joinef.com/companies/freshflow/,Supercharging grocery retail and reducing global food waste.,"Supply Chain, Transportation or Logistics",Commerce or Marketplace,"Supply Chain, Transportation or Logistics"
Forwardize,https://www.joinef.com/companies/forwardize/,Introducing a new era for digitalised sustainable freight forwarding,"Supply Chain, Transportation or Logistics","Supply Chain, Transportation or Logistics","Supply Chain, Transportation or Logistics"
Cinference,https://www.joinef.com/companies/cinference/,Accelerating therapeutic protein design with machine learning,Biotechnology,Biotechnology,Biotechnology
Character,https://www.joinef.com/companies/character/,The friend-finding app based on thought-provoking questions,Media or Entertainment,Media or Entertainment,Media or Entertainment
Elevate,https://www.joinef.com/companies/elevate/,Automating sales commissions for teams growing their revenue,Enterprise Solutions,Enterprise Solutions,Enterprise Solutions
Strive,https://www.joinef.com/companies/strive/,Teaching K12 math through code via live 1-1 online classes.,Education,Education,Education
pFIBRE,https://www.joinef.com/companies/pfibre/,Manufacturing 100% marine biodegradable flexible packaging films,Sustainability,Biotechnology,Manufacturing or Industrial
SunGreenH2,https://www.joinef.com/companies/sungreenh2/,"World's highest performance electrolyser technology for low cost green hydrogen production using sustainable, advanced nanostructured materials.",Sustainability,Environmental Science,Sustainability
Syncware,https://www.joinef.com/companies/syncware/,Middleware platform & no-code tool to connect robots for automation in hours instead of months.,"Supply Chain, Transportation or Logistics",Robotics/IoT,"Supply Chain, Transportation or Logistics"
Hawksight.co,https://www.joinef.com/companies/hawksight-co/,Crowdsourced trading signal platform for individuals and institutions.,web3,Finance,web3
Phasio,https://www.joinef.com/companies/phasio/,Making manufacturing nimble and efficient at scale.,Manufacturing or Industrial,Manufacturing or Industrial,Manufacturing or Industrial
Fairmart,https://www.joinef.com/companies/fairmart/,Driving sales for physical stores by making products searchable online.,Robotics/IoT,Commerce or Marketplace,Robotics/IoT
Hide Biotech,https://www.joinef.com/companies/hide-biotech/,"Scalable, sustainable leather alternative from extracted marine collagen",Sustainability,Biotechnology,Sustainability
Candu,https://www.joinef.com/companies/candu/,"Candu's drag-and-drop, no-code builder brings joy to any UX",Enterprise Solutions,Enterprise Solutions,Enterprise Solutions
Shiok Meats,https://www.joinef.com/companies/shiok-meats/,"Seafood, reinvented",Biotechnology,Biotechnology,Biotechnology
Vivid Machines,https://www.joinef.com/companies/vivid-machines/,Revolutionizing fruit and vegetable production to help solve food security globally,"Food, Agriculture or Farming","Food, Agriculture or Farming","Food, Agriculture or Farming"
Rydesafely,https://www.joinef.com/companies/rydesafely/,A Quantifiable Test Platform to scale Machine Learning Autonomous Systems,Enterprise Solutions,Enterprise Solutions,Enterprise Solutions
Outpoint,https://www.joinef.com/companies/outpoint/,"Intelligent capital allocation for high-growth DTCs, powered by next-gen predictive modelling.",Data Science,Data Science,Data Science
Glowstick,https://www.joinef.com/companies/glowstick/,AI superpowers for Customer Success teams.,Enterprise Solutions,Enterprise Solutions,Enterprise Solutions
Daylite,https://www.joinef.com/companies/daylite/,Helping B2B product teams build better products,Enterprise Solutions,Enterprise Solutions,Enterprise Solutions
Innersight Labs,https://www.joinef.com/companies/innersight-labs/,Building interactive virtual 3D models from CT and MRI scans to improve surgical planning.,Healthcare,Healthcare,Healthcare
Lumi Space,https://www.joinef.com/companies/lumi-space/,Building a new generation of satellite-tracking platforms,Space,Space,Space
LiveCrew,https://www.joinef.com/companies/livecrew/,An SaaS providing retailers with unprecedented consumer insights from their stores.,Commerce or Marketplace,Commerce or Marketplace,Commerce or Marketplace
Trussle,https://www.joinef.com/companies/trussle/,"Online mortgage broker that offers a recommended mortgage deal within 24 hours, free-of-charge to homeowners","Construction, Property or Real Estate","Construction, Property or Real Estate","Construction, Property or Real Estate"
Zash,https://www.joinef.com/companies/zash/,The read middleware for enterprise grade blockchain data.,web3,Finance,Media or Entertainment
Friday Finance,https://www.joinef.com/companies/friday-finance/,Business banking made simple.,Finance,Finance,Finance
LegalAI,https://www.joinef.com/companies/legalai/,Automating litigation through AI,Legal,Legal,Legal
Faircraft,https://www.joinef.com/companies/faircraft/,"A sustainable, lab-grown alternative to animal leather.",Sustainability,Biotechnology,Commerce or Marketplace
Bifrost,https://www.joinef.com/companies/bifrost/,"The most transparent, robust and efficient (cost and time) way for insurers and reinsurers to trade risk",Finance,Finance,Finance
Nosso,https://www.joinef.com/companies/nosso/,Making investing for our children a family affair.,Finance,Finance,Finance
SILINA,https://www.joinef.com/companies/silina/,"Bringing a paradigm shift to the imaging industry by curving imaging sensors at industrial scale, enabling a new generation of cameras.",Manufacturing or Industrial,Manufacturing or Industrial,Manufacturing or Industrial
Chipiron,https://www.joinef.com/companies/chipiron/,Making MRIs accessible to all of humanity.,Healthcare,Healthcare,Healthcare
Lenkie,https://www.joinef.com/companies/lenkie/,"Providing the embedded lending infrastructure to enable online platforms, to become a source of funding for their business users.",Finance,Finance,Finance
Kettel,https://www.joinef.com/companies/kettel/,Kettel helps first time buyers purchase and manage their home,"Construction, Property or Real Estate","Construction, Property or Real Estate","Construction, Property or Real Estate"
Syndi Health,https://www.joinef.com/companies/syndi-health/,Outcome-driven digital health recommendation platform using machine learning and digital phenotyping,Mental Health,Healthcare,Mental Health
Muddy Machines,https://www.joinef.com/companies/muddy-machines/,Robots for farms - solving the harvest labour shortage,Robotics/IoT,"Food, Agriculture or Farming",Robotics/IoT
Expertia AI,https://www.joinef.com/companies/expertia-ai/,Job and candidate decision assistant,Enterprise Solutions,Enterprise Solutions,Enterprise Solutions
UngearVR,https://www.joinef.com/companies/ungearvr/,VR-like immersive experiences to daily display devices without any specialized VR gear,Media or Entertainment,Gaming or eSports,Media or Entertainment
Fello,https://www.joinef.com/companies/fello/,Game based savings and investment app for the Gen-Z of India,Finance,Finance,Finance
Rightbot,https://www.joinef.com/companies/rightbot/,Revolutionising warehouse automation,"Supply Chain, Transportation or Logistics",Robotics/IoT,"Supply Chain, Transportation or Logistics"
NeuroPixel AI,https://www.joinef.com/companies/neuropixel-ai/,Fashion Cataloging 2.0,Commerce or Marketplace,Commerce or Marketplace,Commerce or Marketplace
immunitoAI,https://www.joinef.com/companies/immunitoai/,A full-stack antibody discovery company powered by AI,Healthcare,Biotechnology,Healthcare
Subconscious Compute,https://www.joinef.com/companies/subconscious-compute/,Internet-free intelligent devices.,Manufacturing or Industrial,Manufacturing or Industrial,Manufacturing or Industrial
Aspiro,https://www.joinef.com/companies/aspiro/,Voice AI based sales coaching.,Enterprise Solutions,Enterprise Solutions,Enterprise Solutions
Polymerize,https://www.joinef.com/companies/polymerize/,Providing an AI powered software platform for polymer companies to accelerate material development by 3X at 1/2 the R&D costs.,Manufacturing or Industrial,Manufacturing or Industrial,Manufacturing or Industrial
HIER Foods,https://www.joinef.com/companies/hier-foods/,An end-to-end procurement tool for regional food.,"Food, Agriculture or Farming","Food, Agriculture or Farming","Food, Agriculture or Farming"
Cargoflip,https://www.joinef.com/companies/cargoflip/,An all-in-one platform to simplify international trade for business.,"Supply Chain, Transportation or Logistics","Supply Chain, Transportation or Logistics","Supply Chain, Transportation or Logistics"
Volatile AI,https://www.joinef.com/companies/volatile-ai/,Making digital olfaction a reality,Manufacturing or Industrial,Manufacturing or Industrial,Manufacturing or Industrial
Micrographia Bio,https://www.joinef.com/companies/micrographia-bio/,Transforming drug discovery through spatial proteomics.,Biotechnology,Biotechnology,Biotechnology
Augmize,https://www.joinef.com/companies/augmize/,Automating reserving to deliver timely decision analytics to management.,Finance,Finance,Finance
thymia,https://www.joinef.com/companies/thymia/,"Making mental health assessments smart using speech, video & video games.",Mental Health,Gaming or eSports,Healthcare
Spotted Zebra,https://www.joinef.com/companies/spotted-zebra/,Helping hiring managers make better talent decisions.,Future of Work,Future of Work,Future of Work
PreWarp,https://www.joinef.com/companies/prewarp/,Helping brands earn more and waste less.,Data Science,Commerce or Marketplace,Data Science
Phycobloom,https://www.joinef.com/companies/phycobloom/,Engineering Algae that will turn the oil industry green.,Sustainability,Biotechnology,Energy
Krew,https://www.joinef.com/companies/krew/,Discover thousands of live workouts. Measure every second you move.,Media or Entertainment,Media or Entertainment,Media or Entertainment
Dishpatch,https://www.joinef.com/companies/dishpatch/,"Delivering the best restaurants, UK-wide.",Restaurant Tech,Restaurant Tech,Restaurant Tech
Thermosphr,https://www.joinef.com/companies/thermosphr/,SaaS using thermal modeling to make buildings energy-efficient.,Sustainability,Energy,Sustainability
Playback,https://www.joinef.com/companies/playback/,B2B wholesale video based e-commerce platform.,Commerce or Marketplace,Commerce or Marketplace,Commerce or Marketplace
ByWays,https://www.joinef.com/companies/byways/,Optimising warehouse logistics and supply chains.,"Supply Chain, Transportation or Logistics","Supply Chain, Transportation or Logistics","Supply Chain, Transportation or Logistics"
ShareID,https://www.joinef.com/companies/shareid/,Building the future of authentication to enable digital trust,Cyber Security or Privacy,Cyber Security or Privacy,Cyber Security or Privacy
Semana,https://www.joinef.com/companies/semana/,Helping companies organise remote working to optimise their office space,Future of Work,Future of Work,Future of Work
The Lowdown,https://www.joinef.com/companies/the-lowdown/,"Transforming women's health, starting with contraception.",Healthcare,Healthcare,Healthcare
Genie AI,https://www.joinef.com/companies/genie-ai/,Tackling industry level problems in law by open sourcing legal knowledge,Legal,Legal,Legal
Marlin AI,https://www.joinef.com/companies/marlin-ai/,Using AI to enhance shipping containers' utilisation and revenue streams.,"Supply Chain, Transportation or Logistics","Supply Chain, Transportation or Logistics","Supply Chain, Transportation or Logistics"
LitmusEye,https://www.joinef.com/companies/litmuseye/,Using 3D vision and deep learning for accurate dimensioning and to increase efficiency in express logistics.,"Supply Chain, Transportation or Logistics","Supply Chain, Transportation or Logistics","Supply Chain, Transportation or Logistics"
BrainEnTech Neuroscience,https://www.joinef.com/companies/brainentech-neuroscience/,Using deep learning on brain activity to optimise online education.,Education,Education,Education
MEDO.ai,https://www.joinef.com/companies/medo-ai/,Making sense of ultrasound images using AI,Healthcare,Healthcare,Healthcare
ElementZero BioLabs,https://www.joinef.com/companies/elementzero-biolabs/,"Bringing diagnostics tests, 100x more sensitive, to point of care",Biotechnology,Biotechnology,Biotechnology
DeepSpin,https://www.joinef.com/companies/deepspin/,Developing next-generation MRI systems at a fraction of the cost,Healthcare,Healthcare,Healthcare
Peakflo,https://www.joinef.com/companies/peakflo/,Unlocking peak cashflows and saving SMEs 2-5% of their revenues,Enterprise Solutions,Enterprise Solutions,Enterprise Solutions
Airboxr,https://www.joinef.com/companies/airboxr/,No-code sidebar inside your spreadsheets to analyse and enrich data.,Data Science,Data Science,Data Science
MedPay,https://www.joinef.com/companies/medpay/,Enabling B2C businesses to deliver outpatient services at scale.,Healthcare,Healthcare,Healthcare
Rumble Studio,https://www.joinef.com/companies/rumble-studio/,SAAS enabling content marketers to record and publish audio as quickly as a blog post.,Media or Entertainment,Advertising/Marketing,Media or Entertainment
Contreeb SAS,https://www.joinef.com/companies/contreeb-sas/,Enabling online shops and their consumers to balance their carbon footprint.,Commerce or Marketplace,Commerce or Marketplace,Commerce or Marketplace
Biofeyn SAS,https://www.joinef.com/companies/biofeyn-sas/,Creating better feed for better fish.,"Food, Agriculture or Farming",Biotechnology,"Food, Agriculture or Farming"
Kinetix,https://www.joinef.com/companies/kinetix/,Democratising 3D animation by making it faster and more accessible for all creative minds.,web3,Gaming or eSports,Media or Entertainment
Vadoo,https://www.joinef.com/companies/vadoo/,Helping video streaming platforms reduce bandwidth cost and improve latency.,Media or Entertainment,Media or Entertainment,Media or Entertainment
Retail Pulse,https://www.joinef.com/companies/retail-pulse/,Enabling consumer goods companies to optimise product visibility and revenue,Commerce or Marketplace,Commerce or Marketplace,Commerce or Marketplace
Spenny,https://www.joinef.com/companies/spenny/,A one-stop asset management solution for millennials,Finance,Finance,Finance
X80 Security,https://www.joinef.com/companies/x80-security/,Generating intelligent cyber defences through automatic threat simulation.,Cyber Security or Privacy,Cyber Security or Privacy,Cyber Security or Privacy
Samp,https://www.joinef.com/companies/samp/,Digital twins for industrial facilities - reliable knowledge for everyone.,Energy,Energy,Energy
EyePick,https://www.joinef.com/companies/eyepick/,"EyePick builds a brain for robots to see, understand and act in the real-world.","Supply Chain, Transportation or Logistics",Manufacturing or Industrial,Robotics/IoT
Deeplife,https://www.joinef.com/companies/deeplife/,Deeplife creates digital twins of cell to accelerate drug discovery.,Healthcare,Biotechnology,Healthcare
Flaime,https://www.joinef.com/companies/flaime/,Revolutionising cloud gaming with dynamically distributed interactive 3D content delivery,Media or Entertainment,Gaming or eSports,Media or Entertainment
Exogene,https://www.joinef.com/companies/exogene/,Fast discovery of safer immunotherapies.,Biotechnology,Biotechnology,Biotechnology
CheMastery,https://www.joinef.com/companies/chemastery/,Building the infrastructure for chemistry.,Manufacturing or Industrial,Hardware,Manufacturing or Industrial
Recreate,https://www.joinef.com/companies/recreate/,Words to videos within minutes,Media or Entertainment,Media or Entertainment,Media or Entertainment
Waste Labs,https://www.joinef.com/companies/waste-labs/,Optimising waste collection with AI to make cities cleaner and more sustainable.,"Supply Chain, Transportation or Logistics",Data Science,"Supply Chain, Transportation or Logistics"
Origin Health,https://www.joinef.com/companies/origin-health/,AI-assisted clinician decision support solution for fetal ultrasound scans.,Healthcare,Healthcare,Healthcare
DiviGas,https://www.joinef.com/companies/divigas/,Industrial hydrogen purification and recovery at refineries and plants.,Sustainability,Energy,Sustainability
Bioponics,https://www.joinef.com/companies/bioponics/,Using bacteria to transform the future of fertilizer production.,"Food, Agriculture or Farming",Biotechnology,"Food, Agriculture or Farming"
Allozymes,https://www.joinef.com/companies/allozymes/,Fast and affordable enzyme development platform.,Biotechnology,Biotechnology,Biotechnology
Unbox Robotics,https://www.joinef.com/companies/unbox-robotics/,The AI-powered fleet of robots for parcel sorting.,"Supply Chain, Transportation or Logistics",Robotics/IoT,"Supply Chain, Transportation or Logistics"
TeOra.Life,https://www.joinef.com/companies/teora-life/,Rapidly programs smart microbes to replace synthetic products with natural and sustainable products,Sustainability,Biotechnology,Sustainability
Spidfier,https://www.joinef.com/companies/spidfier/,Fast fish analysis through advanced DNA sequencing.,"Food, Agriculture or Farming",Biotechnology,"Food, Agriculture or Farming"
PolyAI,https://www.joinef.com/companies/polyai/,Democratising conversational AI to give machines a voice,Media or Entertainment,Enterprise Solutions,Media or Entertainment
Sensight,https://www.joinef.com/companies/sensight/,Personalizing physical retail,Commerce or Marketplace,Commerce or Marketplace,Commerce or Marketplace
Real Analytics,https://www.joinef.com/companies/real-analytics/,AI-enabled land investing platform.,Finance,Finance,Finance
Qzense,https://www.joinef.com/companies/qzense/,Transforming fresh food supply chain with data,"Food, Agriculture or Farming","Food, Agriculture or Farming","Food, Agriculture or Farming"
QuantShip,https://www.joinef.com/companies/quantship/,Helping shipping companies unlock additional revenue by leveraging freight rate volatility.,"Supply Chain, Transportation or Logistics","Supply Chain, Transportation or Logistics","Supply Chain, Transportation or Logistics"
Poseidon.AI,https://www.joinef.com/companies/poseidon-ai/,"Promoting sustainable aquaculture with smart and affordable hardware, backed by intelligent software.",Hardware,"Food, Agriculture or Farming",Hardware
Pixcap,https://www.joinef.com/companies/pixcap/,Creating 3D animation software designed to build the future of 3D content.,Media or Entertainment,Media or Entertainment,Media or Entertainment
Lytehouse,https://www.joinef.com/companies/lytehouse/,Smarter security workflow from detection to dispatch.,Cyber Security or Privacy,Cyber Security or Privacy,Cyber Security or Privacy
Healium Digital Healthcare,https://www.joinef.com/companies/healium-digital-healthcare/,Healium Digital Healthcare detects kidney diseases earlier than ever.,Healthcare,Healthcare,Healthcare
Fairphonic,https://www.joinef.com/companies/fairphonic/,An automated copyright recognition and royalties processing solution,Media or Entertainment,Media or Entertainment,Media or Entertainment
Energy Lite,https://www.joinef.com/companies/energy-lite/,Energy Lite are building the largest virtual power plant for renewable energy.,Sustainability,Energy,Sustainability
LightSpeedAI Labs,https://www.joinef.com/companies/lightspeedai-labs/,LightSpeedAI Labs is building revolutionary opto-electronic processors that accelerate AI computations.,Development Tools,Development Tools,Development Tools
Right-Hand Cybersecurity,https://www.joinef.com/companies/right-hand-cybersecurity/,"Right-Hand Cybersecurity provides a SaaS platform for organizations to monitor, measure, and mitigate employee inflicted cyber risk in real-time.",Cyber Security or Privacy,Cyber Security or Privacy,Cyber Security or Privacy
BrainSight,https://www.joinef.com/companies/brainsight/,An AI-powered SaaS tool that helps psychiatrists to diagnose mental disorders using just MRI scans,Healthcare,Healthcare,Healthcare
Outside Voice,https://www.joinef.com/companies/outside-voice/,Outside Voice conducts qualitative market research at scale using intelligent bots.,Advertising/Marketing,Advertising/Marketing,Advertising/Marketing
Recornea,https://www.joinef.com/companies/recornea/,"At RECORNEA we reinstate optimal vision in 15+ M patients suffering of Keratoconus, a progressive eye disease causing distorted vision.",Healthcare,Healthcare,Healthcare
Intensel,https://www.joinef.com/companies/intensel/,Providing AI-powered technology for analyzing risks related to climate change.,Finance,Environmental Science,Finance
F-drones,https://www.joinef.com/companies/f-drones/,F-drones is transforming marine and offshore logistics with proprietary aerial delivery drones.,"Supply Chain, Transportation or Logistics","Supply Chain, Transportation or Logistics","Supply Chain, Transportation or Logistics"
Greywing,https://www.joinef.com/companies/greywing/,A new operating system for maritime.,Cyber Security or Privacy,Cyber Security or Privacy,Cyber Security or Privacy
AarogyaAI,https://www.joinef.com/companies/aarogyaai/,AarogyaAI is an AI-enabled SaaS that diagnoses drug-resistant turberculosis (DR-TB) in hours instead of weeks.,Healthcare,Healthcare,Healthcare
KROSSLINKER,https://www.joinef.com/companies/krosslinker/,KrossLinker develops the world’s best insulation material for bio-pharma packaging.,Manufacturing or Industrial,Manufacturing or Industrial,Manufacturing or Industrial
MechaniX,https://www.joinef.com/companies/mechanix/,MechaniX unlocks the true potential of A.I. with synthetic data generation.,Data Science,Data Science,Data Science
PakkaProfile,https://www.joinef.com/companies/pakkaprofile/,PakkaProfile transforms the way companies profile the blue-collared workforce.,Enterprise Solutions,Enterprise Solutions,Enterprise Solutions
ImVitro,https://www.joinef.com/companies/imvitro/,We combine the power of cell culture and AI to tackle infertility.,Healthcare,Healthcare,Healthcare
Better By Less,https://www.joinef.com/companies/better-by-less/,"Avoid plastic waste - with a
subscription of personal care
products.",Commerce or Marketplace,Commerce or Marketplace,Commerce or Marketplace
Novoic,https://www.joinef.com/companies/novoic/,Novoic is predicting brain disease from speech.,Healthcare,Healthcare,Healthcare
TOffeeAM,https://www.joinef.com/companies/toffeeam/,Creating intelligent and efficient engineering component designs for industrial Additive Manufacturing.,Manufacturing or Industrial,Manufacturing or Industrial,Manufacturing or Industrial
R.grid,https://www.joinef.com/companies/r-grid/,Intelligently streamlining medical research processes to cut costs and resource-intensive delays,Healthcare,Healthcare,Healthcare
MatchCasts,https://www.joinef.com/companies/matchcasts/,Ad-tech platform that helps brands take their audio advertising to the next level,Advertising/Marketing,Advertising/Marketing,Advertising/Marketing
Fairbrics,https://www.joinef.com/companies/fairbrics/,Fairbrics provide carbon negative fabrics for the fashion industry.,Sustainability,Climate or Environment,Manufacturing or Industrial
BKwai,https://www.joinef.com/companies/bkwai/,Leveraging data to improve the safety and resilience of the built environment.,Development Tools,Development Tools,Development Tools
Opvia,https://www.joinef.com/companies/opvia/,Accelerate bioprocesses with AI,Biotechnology,Biotechnology,Biotechnology
Plantik Biosciences,https://www.joinef.com/companies/plantik-biosciences/,"Shaping the future of plant breeding, starting
with cannabis","Food, Agriculture or Farming",Biotechnology,"Food, Agriculture or Farming"
MiProbes,https://www.joinef.com/companies/miprobes/,MiProbes makes food safety testing fast and simple,Biotechnology,Biotechnology,Biotechnology
niostem,https://www.joinef.com/companies/niostem/,Niostem (formerly Mane Biotech) unlocks the body’s natural regeneration potential to grow hair.,Consumer,Biotechnology,Consumer
Lesan AI,https://www.joinef.com/companies/lesan-ai/,Instantly translates low resource languages - unlocking the web for the next billion users.,Development Tools,Development Tools,Development Tools
Imperium Drive,https://www.joinef.com/companies/imperium-drive/,Developing teleoperation technology to accelerate deployment of shared and autonomous mobility.,Automotive,Automotive,Automotive
Fuelcast,https://www.joinef.com/companies/fuelcast/,Making ships intelligent by optimising fuel consumption.,"Supply Chain, Transportation or Logistics","Supply Chain, Transportation or Logistics","Supply Chain, Transportation or Logistics"
Morta,https://www.joinef.com/companies/morta/,Bringing efficiency to capital project supply chains through automation.,"Supply Chain, Transportation or Logistics",Manufacturing or Industrial,"Supply Chain, Transportation or Logistics"
Panakeia,https://www.joinef.com/companies/panakeia/,Making cancer diagnosis faster and cheaper by eliminating the need for multiple tests,Healthcare,Healthcare,Healthcare
Qantev,https://www.joinef.com/companies/qantev/,QantEv optimizes provider networks for health insurers,Finance,Finance,Finance
Sense Street,https://www.joinef.com/companies/sense-street/,Developing natural language understanding systems for capital markets,Finance,Finance,Finance
Omini,https://www.joinef.com/companies/omini/,Making blood tests 100x faster and 100x simpler,Healthcare,Healthcare,Healthcare
Flowlity,https://www.joinef.com/companies/flowlity/,Building the world's first cognitive supply chain network.,"Supply Chain, Transportation or Logistics","Supply Chain, Transportation or Logistics","Supply Chain, Transportation or Logistics"
SQUAREMIND,https://www.joinef.com/companies/squaremind/,"Developing a disruptive solution for oncology purposes, leveraging breakthrough software technologies",Healthcare,Healthcare,Healthcare
Rosecut,https://www.joinef.com/companies/rosecut/,"A digital private bank that offers bespoke, regulated advice in real-time",Finance,Finance,Finance
Nanovery,https://www.joinef.com/companies/nanovery/,Developing nanorobots to diagnose the world’s deadliest diseases,Healthcare,Healthcare,Healthcare
cirplus,https://www.joinef.com/companies/cirplus/,cirplus is the global marketplace for recycled plastics.,"Supply Chain, Transportation or Logistics",Commerce or Marketplace,"Supply Chain, Transportation or Logistics"
VineHealth,https://www.joinef.com/companies/vinehealth/,Using behavioural science and AI to increase the survival of cancer patients,Healthcare,Healthcare,Healthcare
Reallm,https://www.joinef.com/companies/reallm/,Providing business intelligence for the supply side of marketplaces,Enterprise Solutions,Enterprise Solutions,Enterprise Solutions
DeltaBlock,https://www.joinef.com/companies/deltablock/,DeltaBlock adapts traditional capital liquidity services for Digital Assets,Finance,Finance,Finance
Nostos Genomics,https://www.joinef.com/companies/nostos-genomics/,Improving the lives of the 400 million people around the world who have a genetic disease.,Healthcare,Healthcare,Healthcare
PacketAI,https://www.joinef.com/companies/packetai/,AI to automate IT Operations.,Development Tools,Development Tools,Development Tools
Semblr Technologies,https://www.joinef.com/companies/semblr-technologies/,"Automating building construction using small, swarming robots.",Robotics/IoT,"Construction, Property or Real Estate",Manufacturing or Industrial
Blazar,https://www.joinef.com/companies/blazar/,Blazar uses machine learning to predict cancer response to immunotherapy.,Healthcare,Healthcare,Healthcare
Leakmited,https://www.joinef.com/companies/leakmited/,Leakmited detects water leakage from space.,"Supply Chain, Transportation or Logistics","Supply Chain, Transportation or Logistics","Supply Chain, Transportation or Logistics"
Volt14 Solutions Limited,https://www.joinef.com/companies/volt14-solutions-limited/,Advanced Materials for 2x Battery Performance,Energy,Energy,Energy
AI Palette,https://www.joinef.com/companies/ai-palette/,AI Palette creates successful FMCG product concepts at speed.,Advertising/Marketing,Advertising/Marketing,Advertising/Marketing
Merkle Science,https://www.joinef.com/companies/merkle-science/,A risk monitoring solution to detect and prevent illegal use of cryptocurrencies,web3,Finance,web3
SixSense,https://www.joinef.com/companies/sixsense/,AI software for manufacturers to eliminate product abnormalities.,"Supply Chain, Transportation or Logistics",Manufacturing or Industrial,Robotics/IoT
Neurum,https://www.joinef.com/companies/neurum/,"Leveraging digital data to understand then manage behavioural health - in the real world, real-time",Healthcare,Healthcare,Healthcare
AIMS,https://www.joinef.com/companies/aims/,Digitising youth sports education through motion capture and artificial intelligence.,Education,Education,Education
Staple,https://www.joinef.com/companies/staple/,Deep neural networks and cognitive automation for accounting.,Finance,Finance,Finance
Wavel.AI,https://www.joinef.com/companies/wavel-ai/,Redefining the transcription industry with AI,Enterprise Solutions,Enterprise Solutions,Enterprise Solutions
Caelus Technologies,https://www.joinef.com/companies/caelus-technologies/,Disruptive data converter IP solutions,Data Science,Data Science,Data Science
Carnot Innovations,https://www.joinef.com/companies/carnot-innovations/,Pioneering optimization of building operation costs by using AI-based predictive analytics to predict and preempt mechanical equipment failures.,Energy,"Construction, Property or Real Estate",Energy
BIOPSIN,https://www.joinef.com/companies/biopsin/,Transforming microbial diagnostics by enabling real-time detection of pathogens,Biotechnology,Biotechnology,Biotechnology
EndoVision,https://www.joinef.com/companies/endovision/,AI driven diagnosis for upper GI Endoscopy.,Healthcare,Healthcare,Healthcare
SEPPURE,https://www.joinef.com/companies/seppure/,SEPPURE is revolutionizing chemical separation and purification.,Sustainability,Manufacturing or Industrial,Sustainability
Zeroheight,https://www.joinef.com/companies/zeroheight/,"Puts an end to fixed-size mobile design, giving designers powerful new tools to communicate with developers.",Development Tools,Design,Development Tools
Xihelm,https://www.joinef.com/companies/xihelm/,Using deep artificial intelligence software to revolutionise robotic harvesting.,"Food, Agriculture or Farming","Food, Agriculture or Farming","Food, Agriculture or Farming"
WILD.AI,https://www.joinef.com/companies/wild-ai/,Leveraging AI to optimise training,Healthcare,Healthcare,Healthcare
VRcollab,https://www.joinef.com/companies/vrcollab/,Real time rendering and multi-user VR to enable communication of building information between architects and their clients.,Manufacturing or Industrial,"Construction, Property or Real Estate",Manufacturing or Industrial
VFlowTech,https://www.joinef.com/companies/vflowtech/,"Safe, long-lasting, high-performing, low-cost flow batteries for large scale energy storage application",Energy,Energy,Energy
UI-licious,https://www.joinef.com/companies/ui-licious/,"Automates UI testing, without needing testers to have expert coding skills.",,,
Transformative,https://www.joinef.com/companies/transformative/,On a mission to transform healthcare through predictive analytics,Healthcare,Healthcare,Healthcare
Transcelestial,https://www.joinef.com/companies/transcelestial/,A space data network using lasers to transfer data at up to 1000x faster,Space,Space,Space
ThirdEye,https://www.joinef.com/companies/thirdeye/,Building crime-fighting AI engines for CCTV to help retailers reduce theft,Data Science,Cyber Security or Privacy,Data Science
ThinkSono,https://www.joinef.com/companies/thinksono/,"DVT diagnosis 30x faster, and a fraction of the cost.",Healthcare,Healthcare,Healthcare
Split,https://www.joinef.com/companies/split/,Changing the way people finance their purchases so it works for everyone,Finance,Finance,Finance
SpeakSet,https://www.joinef.com/companies/speakset/,"The world’s simplest remote care service, enabling clinicians to talk to patients using video calling on TVs.",Healthcare,Healthcare,Healthcare
Sparrho,https://www.joinef.com/companies/sparrho/,Sparrho’s vision is to democratise science by combining human and machine intelligence.,Education,Education,Education
Sentient Machines,https://www.joinef.com/companies/sentient-machines/,Using deep learning to bring customer understanding to the call centre industry,Enterprise Solutions,Enterprise Solutions,Enterprise Solutions
Elixir AI,https://www.joinef.com/companies/elixir-ai/,A digital platform for child health,Healthcare,Healthcare,Healthcare
SensorFlow,https://www.joinef.com/companies/sensorflow/,"Making every building more productive, energy-efficient and sustainable.",Energy,Energy,Energy
Selerio,https://www.joinef.com/companies/selerio/,Real-time video platform for next-generation video-centric applications,Media or Entertainment,Media or Entertainment,Media or Entertainment
See-Mode,https://www.joinef.com/companies/see-mode/,Empowering doctors to predict strokes and save lives,Healthcare,Healthcare,Healthcare
Scape,https://www.joinef.com/companies/scape/,Focussed on building the core location infrastructure for city-scale augmented reality & location-based services,Advertising/Marketing,Advertising/Marketing,Advertising/Marketing
Scalia,https://www.joinef.com/companies/scalia/,The first ever intelligent data exchange platform connecting the worlds of brands and online retailers.,Commerce or Marketplace,Commerce or Marketplace,Commerce or Marketplace
Resync,https://www.joinef.com/companies/resync/,Providing AI enhanced Intelligent Energy cloud platform for smart buildings and distributed energy resources,Sustainability,Energy,Sustainability
Resurgo Genetics,https://www.joinef.com/companies/resurgo-genetics/,Building a universal tool to precisely change any living system,Biotechnology,Biotechnology,Biotechnology
Represent,https://www.joinef.com/companies/represent/,A digital marketing and social merchandising platform,Commerce or Marketplace,Commerce or Marketplace,Commerce or Marketplace
Qritive,https://www.joinef.com/companies/qritive/,"Making cancer diagnosis fast, cheap, and accurate",Healthcare,Healthcare,Healthcare
QFlow,https://www.joinef.com/companies/qflow/,Revolutionising the way engineers manage emergent risks during construction.,Manufacturing or Industrial,"Construction, Property or Real Estate",Manufacturing or Industrial
Proportunity,https://www.joinef.com/companies/proportunity/,Unlocking the value of home ownership for everyone,"Construction, Property or Real Estate","Construction, Property or Real Estate","Construction, Property or Real Estate"
PROPINE,https://www.joinef.com/companies/propine/,PROPINE use proprietary hardware and software to ensure delivery of an industry-best cold storage solution.,web3,Finance,web3
Privyr,https://www.joinef.com/companies/privyr/,Privyr equips salespeople with AI and automation to intelligently profile clients.,Enterprise Solutions,Enterprise Solutions,Enterprise Solutions
Portify,https://www.joinef.com/companies/portify/,"Portify is laying the infrastructure to give workers the flexibility of gig-work, with the benefits of traditional employment.",Finance,Finance,Finance
Portcast,https://www.joinef.com/companies/portcast/,Making logistics profitable with accurate demand forecasts,"Supply Chain, Transportation or Logistics","Supply Chain, Transportation or Logistics","Supply Chain, Transportation or Logistics"
Plural AI,https://www.joinef.com/companies/plural-ai/,Building an intelligent research assistant to solve the fundamental frustration of knowledge professionals,Enterprise Solutions,Enterprise Solutions,Enterprise Solutions
Plumerai,https://www.joinef.com/companies/plumerai/,Making small machines intelligent by enabling them to use the power of deep learning locally and in real-time,Hardware,Hardware,Hardware
pi-top,https://www.joinef.com/companies/pi-top/,pi-top delivers the future of STEM education with made for makers and educators DIY laptop and desktop products,Education,Education,Education
Phoelex,https://www.joinef.com/companies/phoelex/,Phoelex provides optical connectivity solutions for hyperscale datacenters.,Data Science,Data Science,Data Science
Phantasma,https://www.joinef.com/companies/phantasma/,Simulation as a Service to generate data-sets at scale for training self-driving cars.,Automotive,Automotive,Automotive
PetaGene,https://www.joinef.com/companies/petagene/,"Enabling smaller, faster, better genomics data",Biotechnology,Biotechnology,Biotechnology
Permutive,https://www.joinef.com/companies/permutive/,The audience platform to grow your revenue.,Data Science,Advertising/Marketing,Data Science
Pencil,https://www.joinef.com/companies/pencil/,The world’s first creative AI platform for digital advertising teams in brands and agencies,Advertising/Marketing,Advertising/Marketing,Advertising/Marketing
Papercup,https://www.joinef.com/companies/papercup/,AI to translate the voice track on videos so every creator can expand their reach to seven billion people.,Media or Entertainment,Media or Entertainment,Media or Entertainment
Optimal Labs,https://www.joinef.com/companies/optimal-labs/,Building technology for autonomous greenhouses by combining AI with the latest research in plant sciences,Sustainability,"Food, Agriculture or Farming",Sustainability
Open Cosmos,https://www.joinef.com/companies/open-cosmos/,"Designing, manufacturing, and operating satellites.",Space,Space,Space
Octeract,https://www.joinef.com/companies/octeract/,Solving today’s unsolvable optimization problems,Data Science,Data Science,Data Science
Observe Technologies,https://www.joinef.com/companies/observe-technologies/,"Applying computer vision and machine learning to optimise aquaculture farms, so that farmers will not miss any opportunity to maximise stock value","Food, Agriculture or Farming","Food, Agriculture or Farming","Food, Agriculture or Farming"
Datapane,https://www.joinef.com/companies/datapane/,Connecting data science insights with end users.,Development Tools,Development Tools,Development Tools
nPlan,https://www.joinef.com/companies/nplan/,nPlan’s software uses machine learning to analyse construction schedules to determine where the biggest risks lie and then recommend improvements.,Manufacturing or Industrial,Manufacturing or Industrial,Manufacturing or Industrial
Nodes and Links,https://www.joinef.com/companies/nodes-and-links/,Nodes & Links is taming the complexity of modern projects,Manufacturing or Industrial,"Construction, Property or Real Estate",Manufacturing or Industrial
Nivoda,https://www.joinef.com/companies/nivoda/,Aggregating the world's diamonds,Commerce or Marketplace,Commerce or Marketplace,Commerce or Marketplace
Neurofenix,https://www.joinef.com/companies/neurofenix/,Making rehabilitation affordable and enjoyable for stroke patients,Healthcare,Healthcare,Healthcare
Musiio,https://www.joinef.com/companies/musiio/,"Developing A.I. solutions to help music aggregators, production libraries and major record labels with curation.",Media or Entertainment,Media or Entertainment,Media or Entertainment
Multiply,https://www.joinef.com/companies/multiply/,"Interactive, adaptive personalised financial plans",Finance,Finance,Finance
Movel AI,https://www.joinef.com/companies/movel-ai/,Next generation robot navigation software platform,Robotics/IoT,Robotics/IoT,Robotics/IoT
Moonsift,https://www.joinef.com/companies/moonsift/,Reimagining shopping online,Commerce or Marketplace,Commerce or Marketplace,Commerce or Marketplace
MOBILUS,https://www.joinef.com/companies/mobilus/,"A hands-free, ear-free voice platform.",Media or Entertainment,Media or Entertainment,Media or Entertainment
Mimica,https://www.joinef.com/companies/mimica/,Building self-learning automations for digital work,Enterprise Solutions,Enterprise Solutions,Enterprise Solutions
MicroSec,https://www.joinef.com/companies/microsec/,Bringing enterprise grade security to IoT and sensor networks.,Cyber Security or Privacy,Cyber Security or Privacy,Cyber Security or Privacy
Metomic,https://www.joinef.com/companies/metomic/,Discover & control sensitive data in the cloud.,Cyber Security or Privacy,Cyber Security or Privacy,Cyber Security or Privacy
Metis Labs,https://www.joinef.com/companies/metis-labs/,Optimising industrial processes using intelligent software.,Sustainability,Manufacturing or Industrial,Sustainability
Massless,https://www.joinef.com/companies/massless/,Making 3D tools for 3D design.,Design,Design,Design
Marble,https://www.joinef.com/companies/marble/,Producing breakthrough unmanned electric aircraft to power the drone industry.,Hardware,Hardware,Hardware
Machine Medicine,https://www.joinef.com/companies/machine-medicine/,Motor assessment made simple,Healthcare,Healthcare,Healthcare
LoopPerfect,https://www.joinef.com/companies/loopperfect/,Enabling quick feedback loops and programming in real-time.,Development Tools,Development Tools,Development Tools
Lingumi,https://www.joinef.com/companies/lingumi/,Helping children around the world learn English.,Education,Education,Education
Limbic,https://www.joinef.com/companies/limbic/,"A unifying AI therapy assistant for care providers, clinicians and patients",Mental Health,Healthcare,Mental Health
KroniKare,https://www.joinef.com/companies/kronikare/,"A platform for automatic and non-invasive chronic wound assessment, as well as tracking, predicting, and data-driven reporting",Healthcare,Healthcare,Healthcare
Konigle,https://www.joinef.com/companies/konigle/,Pricing automation and intelligence platform for e-commerce brands,Commerce or Marketplace,Commerce or Marketplace,Commerce or Marketplace
Kiroku,https://www.joinef.com/companies/kiroku/,The AI note-taking platform that gets busy professionals home on time.,Healthcare,Healthcare,Healthcare
Kinexcs,https://www.joinef.com/companies/kinexcs/,Building state-of-the-art monitoring products for the physical rehabilitation industry.,Healthcare,Healthcare,Healthcare
Kheiron,https://www.joinef.com/companies/kheiron/,"Making cancer diagnoses faster, easier, cheaper and more accurate",Healthcare,Healthcare,Healthcare
Juno Bio,https://www.joinef.com/companies/juno-bio/,Juno Bio is unlocking the potential of the microbiome.,Healthcare,Healthcare,Healthcare
Inoviv,https://www.joinef.com/companies/inoviv/,Matching patients with the right drugs,Healthcare,Healthcare,Healthcare
Hydroleap,https://www.joinef.com/companies/hydroleap/,"Making wastewater treatment cheap, fast and easy.",Manufacturing or Industrial,Manufacturing or Industrial,Manufacturing or Industrial
Hubble,https://www.joinef.com/companies/hubble/,Hubble is an online marketplace for renting office space.,Commerce or Marketplace,Commerce or Marketplace,Commerce or Marketplace
Headlight AI,https://www.joinef.com/companies/headlight-ai/,Headlight AI provides intelligent sensing and mapping software for harsh environments,Robotics/IoT,Navigation/Mapping,Robotics/IoT
Hadean,https://www.joinef.com/companies/hadean/,Unifying the performance and capabilities of HPC (high-performance computing),Data Science,Data Science,Data Science
Flexciton,https://www.joinef.com/companies/flexciton/,"Cutting edge, intelligent planning and scheduling software, powered by AI.",Manufacturing or Industrial,Manufacturing or Industrial,Manufacturing or Industrial
Crypto Quantique,https://www.joinef.com/companies/crypto-quantique/,Developing quantum cybersecurity products.,Cyber Security or Privacy,Cyber Security or Privacy,Cyber Security or Privacy
Chattermill,https://www.joinef.com/companies/chattermill/,Enabling companies to put customer experience at the heart of their business,Enterprise Solutions,Enterprise Solutions,Enterprise Solutions
CargoMate Technologies,https://www.joinef.com/companies/cargomate-technologies/,Saving millions in fuel costs by helping container ships leave port early,"Supply Chain, Transportation or Logistics","Supply Chain, Transportation or Logistics","Supply Chain, Transportation or Logistics"
Calipsa,https://www.joinef.com/companies/calipsa/,False Alarm Filtering Platform helping build a safer world,Cyber Security or Privacy,Cyber Security or Privacy,Cyber Security or Privacy
Bloomsbury AI,https://www.joinef.com/companies/bloomsbury-ai/,Automating customer care and advice using AI,Enterprise Solutions,Data Science,Enterprise Solutions
Beyond,https://www.joinef.com/companies/beyond/,Transforming how businesses do budgeting,Finance,Enterprise Solutions,Finance
Avocarrot,https://www.joinef.com/companies/avocarrot/,Enabling developers to monetise their mobile applications by dropping in native advertising.,Advertising/Marketing,Advertising/Marketing,Advertising/Marketing
Automata,https://www.joinef.com/companies/automata/,Democratizing robotics by creating an affordable & accessible robotic ecosystem.,Robotics/IoT,Manufacturing or Industrial,Robotics/IoT
Atomionics,https://www.joinef.com/companies/atomionics/,Atomionics is building atomic sensors for navigation and resource exploration.,Navigation/Mapping,Navigation/Mapping,Navigation/Mapping
Entropica Labs,https://www.joinef.com/companies/entropica-labs/,"Models, algorithms and software tools to make quantum computing useful",Development Tools,Development Tools,Development Tools
Eyn,https://www.joinef.com/companies/eyn/,Eyn is a biometric security company.,Cyber Security or Privacy,Cyber Security or Privacy,Cyber Security or Privacy
Hertzwell,https://www.joinef.com/companies/hertzwell/,Developing hyper-resolution imaging radars for autonomous vehicles.,Automotive,Automotive,Automotive
Encore,https://www.joinef.com/companies/encore/,The fastest way to find and book great musicians.,Commerce or Marketplace,Commerce or Marketplace,Commerce or Marketplace
Credit Kudos,https://www.joinef.com/companies/credit-kudos/,Better credit for all,Finance,Finance,Finance
Converge,https://www.joinef.com/companies/converge/,Cutting-edge wireless sensors to help construction companies stay on track.,Manufacturing or Industrial,Manufacturing or Industrial,Manufacturing or Industrial
Atlas Metrics,https://www.joinef.com/companies/atlas-metrics/,"Technology to help companies collect, manage, and report on ESG data in compliance with the world's leading impact standards.",Legal,Enterprise Solutions,Legal
Ackcio,https://www.joinef.com/companies/ackcio/,"Extremely reliable, wireless monitoring solutions for the world's most challenging industries.",Manufacturing or Industrial,Manufacturing or Industrial,Manufacturing or Industrial
Accelerated Dynamics,https://www.joinef.com/companies/accelerated-dynamics/,Technology to drive the 4th industrial revolution.,Robotics/IoT,Robotics/IoT,Robotics/IoT
Affable,https://www.joinef.com/companies/affable/,Leverage AI for your Influencer Marketing Campaigns.,Advertising/Marketing,Advertising/Marketing,Advertising/Marketing
Adbrain,https://www.joinef.com/companies/adbrain/,Unlocking the universe of data to build smarter businesses.,Enterprise Solutions,Advertising/Marketing,Enterprise Solutions
Circuit Mind,https://www.joinef.com/companies/circuit-mind/,Circuit Mind is using AI to completely automate the design of electronic circuits.,Hardware,Hardware,Hardware
